metric,value_usd,value_pct_ead
EL_analitico,285080192.0056121,0.2091602394561615
VaR_99,357699706.11409163,0.2624403879409102
VaR_999,390019660.0593779,0.286153186991765
CVaR_975,358367362.4754618,0.26293024015910943
CVaR_99,372418182.2121413,0.27323917393666697
Capital_Economico,72619514.10847956,0.053280148484748706
